{
  "project_info": {
    "project_number": "687112415037",
    "firebase_url": "https://findmykey-fe348.firebaseio.com",
    "project_id": "findmykey-fe348",
    "storage_bucket": "findmykey-fe348.appspot.com"
  },
  "client": [
    {
      "client_info": {
        "mobilesdk_app_id": "1:687112415037:android:0f94874b4abbc3e3",
        "android_client_info": {
          "package_name": "com.dor.findmykey"
        }
      },
      "oauth_client": [
        {
          "client_id": "687112415037-iaoq0gnnuothc36p7lltb059ptnfjdjc.apps.googleusercontent.com",
          "client_type": 3
        }
      ],
      "api_key": [
        {
          "current_key": "AIzaSyDkGakWR9xplNQ4Q58P7z3PWErCMyHp3L8"
        }
      ],
      "services": {
        "appinvite_service": {
          "other_platform_oauth_client": [
            {
              "client_id": "687112415037-iaoq0gnnuothc36p7lltb059ptnfjdjc.apps.googleusercontent.com",
              "client_type": 3
            }
          ]
        }
      }
    }
  ],
  "configuration_version": "1"
}